0,max,uniform,0.40890187802522077,0.28717296263750863
0,max,uniform,0.09160627489504607,0.15176015741684856
0,max,uniform,0.05182412396306577,0.08996116413789637
0,max,uniform,0.03395428087400353,0.07062648324405446
0,max,uniform,0.023455257001130478,0.0676580176633947
0,max,uniform,0.02646675317183785,0.0509489424088422
0,max,uniform,0.01925429183503856,0.04868402200586656
0,max,uniform,0.017021185677984486,0.044905865893644446
0,max,uniform,0.016500193139781124,0.03307578844182631
0,max,uniform,0.013242301733597465,0.04683950368095847
0,max,uniform,0.014222546764042067,0.04632559243370505
0,max,uniform,0.014716324598892876,0.03220636003157672
0,max,uniform,0.011888967907947042,0.042651884696062875
0,max,uniform,0.011653957159622856,0.026904805618173936
0,max,uniform,0.013879620510598888,0.04516808425678926
0,max,uniform,0.011854820925256481,0.03842101026983822
0,max,uniform,0.011522220528644064,0.0335396317874684
0,max,uniform,0.014940896759862486,0.04608729306389304
0,max,uniform,0.015786462503930798,0.024251997470855713
0,max,uniform,0.041263129400170365,0.378543965956744
0,max,uniform,0.1196661721105161,0.09248854132259593
0,max,uniform,0.028338668139084526,0.035303192980149216
0,max,uniform,0.01290832783864892,0.02697801765273599
0,max,uniform,0.010564447745032932,0.03295918773202335
0,max,uniform,0.013848983723184338,0.029485590317670035
0,max,uniform,0.013359590716983961,0.03129900203031652
0,max,uniform,0.012037767016369364,0.04122355405022116
0,max,uniform,0.012695322866025179,0.031023859977722168
0,max,uniform,0.010208049546117369,0.04264677622739006
0,max,uniform,0.018580585718154907,0.03412825921002556
0,max,uniform,0.01037019361620364,0.022429978146272546
0,max,uniform,0.012773937505224476,0.06443011059480555
0,max,uniform,0.01736552559811136,0.021882283336975995
0,max,uniform,0.008678002201992533,0.032408952713012695
0,max,uniform,0.011121972747471022,0.0212519975269542
0,max,uniform,0.007162197128586147,0.0235900598413804
0,max,uniform,0.007492781981177952,0.017840725534102497
0,max,uniform,0.007219860087270322,0.018835779498605168
0,max,uniform,0.006961966338364974,0.015559370026868932
0,max,uniform,0.005909682615943577,0.01699392935808967
0,max,uniform,0.006032980006674062,0.012341565069030313
0,max,uniform,0.006134087624757186,0.016436064944547767
0,max,uniform,0.005411046354667,0.015756491352530086
0,max,uniform,0.005302957218626271,0.01432820365709417
0,max,uniform,0.005538168160811714,0.015572744257309857
0,max,uniform,0.00414865334396777,0.015660501578274894
0,max,uniform,0.004590799627096757,0.013491227346308091
0,max,uniform,0.00508012557807176,0.010323883856044096
0,max,uniform,0.003937714125799096,0.012440411483540255
0,max,uniform,0.003616362486196601,0.010915446807356441
1,max,uniform,0.5468342822530995,0.43574153675752525
1,max,uniform,0.12054617508597996,0.19506670446956859
1,max,uniform,0.062062916548355766,0.09511629974140841
1,max,uniform,0.031317055225372314,0.07689626076642204
1,max,uniform,0.03097597671591717,0.07645430284387925
1,max,uniform,0.02873815401740696,0.055795469704796284
1,max,uniform,0.018919207479642784,0.04886384571299834
1,max,uniform,0.018196519302285236,0.08472393540775075
1,max,uniform,0.03240179497262706,0.04601891601786894
1,max,uniform,0.017880468264870022,0.054083687417647415
1,max,uniform,0.01896034116330354,0.03773027307846967
1,max,uniform,0.01588414544644563,0.04786101509543026
1,max,uniform,0.015535968801249628,0.027640724883360022
1,max,uniform,0.013871347126753433,0.05763687806970933
1,max,uniform,0.016301554182301396,0.03398304827073041
1,max,uniform,0.012690697027289349,0.02799470810329213
1,max,uniform,0.009402289338733839,0.05062519802766688
1,max,uniform,0.028474776641182278,0.06650344063253964
1,max,uniform,0.02266966778299083,0.03458588614183314
1,max,uniform,0.010277820670086405,0.02624775206341463
1,max,uniform,0.009382114462230516,0.02395397950621212
1,max,uniform,0.008985200653905455,0.020837734727298513
1,max,uniform,0.00800268028093421,0.02073940634727478
1,max,uniform,0.008742362260818481,0.021219993338865394
1,max,uniform,0.0077590553656868315,0.024038391954758587
1,max,uniform,0.008691036830777708,0.019831264720243567
1,max,uniform,0.007241227056669152,0.021679022732902977
1,max,uniform,0.008343308516170668,0.024738813147825355
1,max,uniform,0.009492673951646557,0.02346861011841718
1,max,uniform,0.010576454193695732,0.03842623794780058
1,max,uniform,0.01247383978055871,0.023683530442854938
1,max,uniform,0.007571475661319235,0.02192896429230185
1,max,uniform,0.00754273261712945,0.021704277571509865
1,max,uniform,0.006274965794190117,0.02122244589469012
1,max,uniform,0.007947164385215096,0.017010548535515282
1,max,uniform,0.0059340712816818905,0.014811545610427856
1,max,uniform,0.005568526361299598,0.013395939679706799
1,max,uniform,0.004627243008302606,0.01652092092177447
1,max,uniform,0.006088461564934772,0.014583826065063477
1,max,uniform,0.003652465732201286,0.009475773748229532
1,max,uniform,0.0038740479427835216,0.013176814598195693
1,max,uniform,0.003583400793697523,0.015479438445147346
1,max,uniform,0.004617013037204742,0.01061324161641738
1,max,uniform,0.0037362387646799502,0.009571290191482095
1,max,uniform,0.00350169221992078,0.01320428094443153
1,max,uniform,0.0033112731964691825,0.011432526742710787
1,max,uniform,0.0035253581793411918,0.012865895734113805
1,max,uniform,0.004284179405025814,0.014039636534803054
1,max,uniform,0.003954948614472928,0.017971889061086318
1,max,uniform,0.008819770553837652,0.02077265697367051
2,max,uniform,0.8537509752356488,0.30782001158770395
2,max,uniform,0.3148171798042629,1.0991610358743107
2,max,uniform,0.2538429135861604,0.17723974059609807
2,max,uniform,0.10716160483982252,0.7502009447883157
2,max,uniform,0.24266628597093665,0.23502328816582174
2,max,uniform,0.05940338839655337,0.10419241821064669
2,max,uniform,0.03593715118325275,0.12946546778959386
2,max,uniform,0.048558955607206924,0.06637902820811552
2,max,uniform,0.024425195611041527,0.06365137941697065
2,max,uniform,0.02261358240376348,0.05349058614057653
2,max,uniform,0.01880107107369796,0.04371617471470552
2,max,uniform,0.015548633492511251,0.040929555892944336
2,max,uniform,0.013382999793342922,0.027920023483388564
2,max,uniform,0.010881232178729513,0.0335421737502603
2,max,uniform,0.011630034965017567,0.040823803228490496
2,max,uniform,0.013570518597312595,0.0380104569827809
2,max,uniform,0.014635977537735649,0.02589951893862556
2,max,uniform,0.010301124790440435,0.05114107973435346
2,max,uniform,0.015778526015903637,0.03707625234828276
2,max,uniform,0.011507495589878248,0.02880833955372081
2,max,uniform,0.01096266508102417,0.027290547595304603
2,max,uniform,0.009625362313312033,0.02784601379843319
2,max,uniform,0.01057215488475302,0.022852299844517428
2,max,uniform,0.00840978583563929,0.022320624660043156
2,max,uniform,0.0074287341988605,0.01861112258013557
2,max,uniform,0.00904729962348938,0.024038330597036025
2,max,uniform,0.009255648955054905,0.024497121572494507
2,max,uniform,0.009859567103178604,0.029604589237886315
2,max,uniform,0.009183757978936901,0.020316411467159495
2,max,uniform,0.009045344979866692,0.021943544640260583
2,max,uniform,0.007919472196827764,0.02160086701898014
2,max,uniform,0.008230375854865364,0.023027002811431885
2,max,uniform,0.008358474658883137,0.01792412645676557
2,max,uniform,0.008208402472993603,0.01839295555563534
2,max,uniform,0.0076663636642953625,0.023931129890329698
2,max,uniform,0.008291284675183504,0.021418638089123893
2,max,uniform,0.007434339626975681,0.019055377034580007
2,max,uniform,0.006767995979474938,0.019463991417604333
2,max,uniform,0.007642933208009471,0.016692519187927246
2,max,uniform,0.006638786067133365,0.018670630805632648
2,max,uniform,0.006635695695877075,0.0199816998313455
2,max,uniform,0.0059177571016809215,0.01949980854988098
2,max,uniform,0.0051367480469786606,0.015484666123109706
2,max,uniform,0.005420344031375387,0.01264606591533212
2,max,uniform,0.005088046193122864,0.0145414436564726
2,max,uniform,0.005866704427677652,0.01318154703168308
2,max,uniform,0.004119819920995961,0.014248572728213142
2,max,uniform,0.0043091216812963075,0.010286950889755698
2,max,uniform,0.003955005303673122,0.013531128273290746
2,max,uniform,0.004219875711461772,0.01581000931122724
0,max,gaussian,0.12599281642747961,0.24618656495038202
0,max,gaussian,0.07877704889877983,0.14300410887774298
0,max,gaussian,0.05013555547465449,0.12036863495321835
0,max,gaussian,0.040078681448231575,0.0513605370241053
0,max,gaussian,0.01619954472002776,0.03550157827489516
0,max,gaussian,0.012898157472195833,0.030205211218665626
0,max,gaussian,0.010657199051069178,0.028272264143999887
0,max,gaussian,0.010467918022819187,0.025843976175083834
0,max,gaussian,0.008834394423857979,0.04017565180273617
0,max,gaussian,0.016026051148124363,0.029430543675142175
0,max,gaussian,0.011479237805242124,0.02460104928297155
0,max,gaussian,0.009556523483732472,0.04020092066596536
0,max,gaussian,0.011578826800636623,0.02607108564937816
0,max,gaussian,0.009168457077897114,0.026836824767729816
0,max,gaussian,0.009124228487844053,0.02087720001445097
0,max,gaussian,0.007640560683996781,0.02180882587152369
0,max,gaussian,0.007572174072265625,0.02468532499145059
0,max,gaussian,0.008210194499596306,0.025472220252541936
0,max,gaussian,0.008104722137036531,0.022978963220820707
0,max,gaussian,0.008604597786198492,0.021685814156251794
0,max,gaussian,0.00772247560646223,0.025077493751750272
0,max,gaussian,0.007933268080586973,0.01928405200733858
0,max,gaussian,0.0070372495962225876,0.02126107145758236
0,max,gaussian,0.008455402177313099,0.017030656337738037
0,max,gaussian,0.007638125963833021,0.029480604564442354
0,max,gaussian,0.00889657049075417,0.022823729935814354
0,max,gaussian,0.007952787305997766,0.01779398146797629
0,max,gaussian,0.007306114487026049,0.017916760023902443
0,max,gaussian,0.006560335340707198,0.01759563649401945
0,max,gaussian,0.006094227666440217,0.017174762838027057
0,max,gaussian,0.0054261425267095155,0.014861767782884486
0,max,gaussian,0.005481068206870038,0.017164360074435964
0,max,gaussian,0.005364602998546932,0.013489618020899156
0,max,gaussian,0.005064825648846833,0.011821258594008052
0,max,gaussian,0.00316680741050969,0.014264544143396266
0,max,gaussian,0.00442350623400315,0.01385143311584697
0,max,gaussian,0.00428588558798251,0.010419445879319134
0,max,gaussian,0.0034522757582042527,0.011117182233754326
0,max,gaussian,0.00361972917681155,0.012237100916750291
0,max,gaussian,0.003198769105517346,0.012228106751161464
0,max,gaussian,0.0033152304265810094,0.00970848518259385
0,max,gaussian,0.0031750117955000505,0.011559530216104844
0,max,gaussian,0.0035104246243186617,0.008812281138756695
0,max,gaussian,0.0034213992564574532,0.010337349246529973
0,max,gaussian,0.0031040751415750256,0.010346041006200454
0,max,gaussian,0.0033865179056706634,0.009458732955596027
0,max,gaussian,0.002781614661216736,0.01418592649347642
0,max,gaussian,0.004333463375983031,0.012579997672754176
0,max,gaussian,0.003495434056157651,0.011097742354168612
0,max,gaussian,0.0029178712031115656,0.01005823033697465
1,max,gaussian,17.574647322944973,7.578617769129136
1,max,gaussian,4.01722584600034,4.219711752498851
1,max,gaussian,0.9456887452498727,0.5606815113740808
1,max,gaussian,0.1459926522296408,0.37091440313002644
1,max,gaussian,0.09824850248253864,0.16225228590123794
1,max,gaussian,0.10228351924730383,0.17263437719906077
1,max,gaussian,0.07800714865974757,0.2998337465174058
1,max,gaussian,0.0959966804670251,0.4957131778492647
1,max,gaussian,0.39336747708527936,0.4740886688232422
1,max,gaussian,0.1317960075710131,0.35817185570211973
1,max,gaussian,0.1133920835412067,0.11172683799968046
1,max,gaussian,0.045543370039566704,0.22789238480960622
1,max,gaussian,0.0825462704119475,0.05778433996088365
1,max,gaussian,0.020407011975412784,0.06351928851183723
1,max,gaussian,0.028866475043089493,0.05630268419490141
1,max,gaussian,0.025877048139986786,0.10969811327317182
1,max,gaussian,0.02313951824022376,0.07390819577609792
1,max,gaussian,0.032846746237381645,0.07457738764145795
1,max,gaussian,0.023530493611874786,0.061676677535561955
1,max,gaussian,0.031110825745955757,0.06294821290408864
1,max,gaussian,0.015923755324405174,0.07272623567020192
1,max,gaussian,0.021495509406794674,0.0990683681824628
1,max,gaussian,0.027042318945345672,0.12601549485150507
1,max,gaussian,0.048869288485983146,0.07640399652368882
1,max,gaussian,0.024122803107551907,0.25800345925723805
1,max,gaussian,0.07943766013435695,0.05879801862380084
1,max,gaussian,0.021923824496891186,0.052853240686304426
1,max,gaussian,0.016818642616271973,0.02653721851461074
1,max,gaussian,0.012954159923221754,0.02722457401892718
1,max,gaussian,0.018368727487066517,0.06720845138325411
1,max,gaussian,0.023240840953329334,0.026479396749945247
1,max,gaussian,0.03491735717524653,0.3261980168959674
1,max,gaussian,0.07029660888340163,0.07187203799977022
1,max,gaussian,0.02778680428214695,0.04998465846566593
1,max,gaussian,0.019187105738598366,0.02651919687495512
1,max,gaussian,0.010325687087100485,0.026744933689341825
1,max,gaussian,0.012285924476125965,0.03483517029706169
1,max,gaussian,0.01394416974938434,0.0321355847751393
1,max,gaussian,0.011436542739038881,0.031855516573962045
1,max,gaussian,0.014829876630202583,0.06482786290785846
1,max,gaussian,0.018583414347275444,0.040258421617395734
1,max,gaussian,0.021643413149792214,0.05159667660208309
1,max,gaussian,0.01709515763365704,0.030792078551124123
1,max,gaussian,0.02057996003524117,0.07918660780962776
1,max,gaussian,0.020207804182301396,0.03238527564441457
1,max,gaussian,0.013229950614597486,0.03723603837630328
1,max,gaussian,0.01355875445448834,0.07282192566815544
1,max,gaussian,0.019262588542440662,0.023789120071074542
1,max,gaussian,0.012258034685383673,0.03384651857263902
1,max,gaussian,0.012277914130169413,0.024347838233498967
2,max,gaussian,1.1504106106965437,0.79358330894919
2,max,gaussian,0.19244237568067468,0.18969311433679917
2,max,gaussian,0.07092642784118652,0.16849910511690028
2,max,gaussian,0.0592883358830991,0.14093421487247243
2,max,gaussian,0.04911516023718793,0.08936118378358729
2,max,gaussian,0.030470702959143597,0.05748796463012695
2,max,gaussian,0.01816343224566916,0.25629643832936005
2,max,gaussian,0.12388737305350926,0.08914408263038187
2,max,gaussian,0.0325034701305887,0.08133893854477826
2,max,gaussian,0.02740118296250053,0.06033996974720674
2,max,gaussian,0.021761241166487984,0.0392790296498467
2,max,gaussian,0.015478954367015673,0.043673164704266715
2,max,gaussian,0.013995240563931673,0.05467285128200755
2,max,gaussian,0.021486807128657467,0.032776366261874926
2,max,gaussian,0.010897294334743334,0.03265422582626343
2,max,gaussian,0.011372428873310919,0.024948442683500403
2,max,gaussian,0.008698279442994492,0.02962808048023897
2,max,gaussian,0.0106968659421672,0.02796757221221924
2,max,gaussian,0.010237003798070162,0.024043784422032973
2,max,gaussian,0.00859546272651009,0.02143921922234928
2,max,gaussian,0.008307326099146967,0.018570454681620878
2,max,gaussian,0.007891789078712463,0.02130813283078811
2,max,gaussian,0.007917706085288006,0.022922242389005774
2,max,gaussian,0.007897186538447504,0.019953808363746193
2,max,gaussian,0.008006290249202562,0.018466654945822322
2,max,gaussian,0.006830473308977874,0.017408991561216468
2,max,gaussian,0.006603122405383898,0.01974002753987032
2,max,gaussian,0.00659208841945814,0.019192969097810632
2,max,gaussian,0.006942926541618679,0.015169985154095818
2,max,gaussian,0.0058199180209118385,0.01430853850701276
2,max,gaussian,0.004810533445814382,0.011926640482509838
2,max,gaussian,0.0038509822410085926,0.011491270626292509
2,max,gaussian,0.003986065154490264,0.013418871690245235
2,max,gaussian,0.0054593021455018416,0.012636596665662877
2,max,gaussian,0.004869588043378747,0.016981261617997113
2,max,gaussian,0.004971561224564262,0.010549390140701742
2,max,gaussian,0.005439556811166846,0.012168955276994145
2,max,gaussian,0.004238170774086662,0.01326826390098123
2,max,gaussian,0.004208269002644912,0.010616872240515315
2,max,gaussian,0.0035546558058780174,0.00804454438826617
2,max,gaussian,0.0031095088823981905,0.009995300103636348
2,max,gaussian,0.003386390597923942,0.010935991125948289
2,max,gaussian,0.0029899607533993926,0.011523246765136719
2,max,gaussian,0.003254825654237167,0.011955556624075946
2,max,gaussian,0.005490099606306657,0.011425758109373204
2,max,gaussian,0.004659705835839976,0.014853475724949557
2,max,gaussian,0.004851740015589673,0.011140481514089248
2,max,gaussian,0.0032939217660738073,0.007481346235555761
2,max,gaussian,0.003669937667639359,0.011043099796070772
2,max,gaussian,0.003774867109630419,0.009049066725899191
0,max,double-gaussian,6.964631453804348,7.732007194967831
0,max,double-gaussian,1.8030480094577954,0.9845472223618451
0,max,double-gaussian,0.2663742977639903,2.312277401194853
0,max,double-gaussian,0.6975886303445568,0.244841687819537
0,max,double-gaussian,0.13253636982129968,0.5159181707045611
0,max,double-gaussian,0.14250579087630563,0.25778860204360066
0,max,double-gaussian,0.0827216791070026,0.19251653727363138
0,max,double-gaussian,0.09734722842340884,0.1870877602521111
0,max,double-gaussian,0.07626979765684708,0.18029297099393957
0,max,double-gaussian,0.06378582249517026,0.11992875267477597
0,max,double-gaussian,0.058309503223585045,0.24045234567978802
0,max,double-gaussian,0.0762774426004161,0.08374641923343434
0,max,double-gaussian,0.03685240641884182,0.07417775602901683
0,max,double-gaussian,0.1047467045162035,0.6594930536606732
0,max,double-gaussian,0.12667418562847635,0.16382688634535847
0,max,double-gaussian,0.07424892549929411,0.15577041401582606
0,max,double-gaussian,0.053077837695246155,0.15654471341301412
0,max,double-gaussian,0.0466791235882303,0.0996257838080911
0,max,double-gaussian,0.03663779600806858,0.07872438430786133
0,max,double-gaussian,0.032898597095323646,0.05512680726892808
0,max,double-gaussian,0.02062116239381873,0.045444435933057
0,max,double-gaussian,0.01600313964097396,0.039150630726533776
0,max,double-gaussian,0.0156588191571443,0.0395246288355659
0,max,double-gaussian,0.014834595763165018,0.041506006437189435
0,max,double-gaussian,0.02278616117394489,0.03921634309432086
0,max,double-gaussian,0.03289251742155656,0.23280812712276683
0,max,double-gaussian,0.06305070027061131,0.1232910576988669
0,max,double-gaussian,0.04040246942768926,0.04374029706506168
0,max,double-gaussian,0.030283658400825832,0.14771692893084357
0,max,double-gaussian,0.04395170833753503,0.04553678456474753
0,max,double-gaussian,0.026355375414309296,0.10174950431374942
0,max,double-gaussian,0.023928979168767513,0.03732778044307933
0,max,double-gaussian,0.020070876764214558,0.05374035063911887
0,max,double-gaussian,0.019529454086137855,0.03807776114519905
0,max,double-gaussian,0.013694996419160263,0.049854678266188675
0,max,double-gaussian,0.0167457085588704,0.04419480702456306
0,max,double-gaussian,0.013197945511859396,0.030389841865090764
0,max,double-gaussian,0.014167229766431063,0.031345833750332106
0,max,double-gaussian,0.012163532816845438,0.04240248483770034
0,max,double-gaussian,0.009807277632796246,0.06915351923774271
0,max,double-gaussian,0.029583226079526154,0.036462321000940656
0,max,double-gaussian,0.01260847630708114,0.02407896168091718
0,max,double-gaussian,0.009882205206414928,0.023623396368587717
0,max,double-gaussian,0.0091462096442347,0.027348634074716008
0,max,double-gaussian,0.013877733894016432,0.02592373946133782
0,max,double-gaussian,0.009529376159543577,0.021990553421132705
0,max,double-gaussian,0.008718701160472372,0.02708402626654681
0,max,double-gaussian,0.008109224879223368,0.024518665145425236
0,max,double-gaussian,0.00867930961691815,0.021422885796603036
0,max,double-gaussian,0.010572484653929005,0.026609634651857263
1,max,double-gaussian,2.7879233982252036,2.2603732838350186
1,max,double-gaussian,0.4635725850644319,1.3803017560173483
1,max,double-gaussian,0.49582398456075916,0.5827785379746381
1,max,double-gaussian,0.14895452623781952,0.1896995376138126
1,max,double-gaussian,0.07020098230113155,0.15441327936509075
1,max,double-gaussian,0.055604779202005135,0.1157758165808285
1,max,double-gaussian,0.04204343971998795,0.09544674087973203
1,max,double-gaussian,0.029939457126285717,0.058795900905833524
1,max,double-gaussian,0.021209177763565727,0.05660626818152035
1,max,double-gaussian,0.02061608304148135,0.05913350161384134
1,max,double-gaussian,0.020602824895278267,0.04786812557893641
1,max,double-gaussian,0.015405111986657848,0.04243246597402236
1,max,double-gaussian,0.01635255243467248,0.03660728650934556
1,max,double-gaussian,0.01477384178534798,0.04339809277478386
1,max,double-gaussian,0.013365215581396351,0.040520156131071204
1,max,double-gaussian,0.018305889938188637,0.033830618157106286
1,max,double-gaussian,0.01176778389059979,0.028314187246210435
1,max,double-gaussian,0.010366341342096743,0.03164650061551262
1,max,double-gaussian,0.009470199761183365,0.027070294408237234
1,max,double-gaussian,0.010109753712363865,0.032536089420318604
1,max,double-gaussian,0.011065957338913628,0.026084591360653147
1,max,double-gaussian,0.009254223626592884,0.022068220026352826
1,max,double-gaussian,0.008799782265787539,0.026416655849008
1,max,double-gaussian,0.009822437296742979,0.02506165995317347
1,max,double-gaussian,0.010069063824156056,0.0234566050417283
1,max,double-gaussian,0.008644928102907927,0.022896991056554458
1,max,double-gaussian,0.008033390926278156,0.021943499060238108
1,max,double-gaussian,0.007636368274688721,0.023139548652312335
1,max,double-gaussian,0.007709115743637085,0.02331314718022066
1,max,double-gaussian,0.008334891951602438,0.021237520610584933
1,max,double-gaussian,0.007399132070334062,0.019782171529882094
1,max,double-gaussian,0.006975592478461887,0.023652613162994385
1,max,double-gaussian,0.009711828568707342,0.019854843616485596
1,max,double-gaussian,0.007069399175436601,0.026142972357132855
1,max,double-gaussian,0.008804750183354254,0.01806715306113748
1,max,double-gaussian,0.0070484267628711204,0.03237184356240665
1,max,double-gaussian,0.009919779456180075,0.01812175792806289
1,max,double-gaussian,0.006235986948013306,0.02278954316588009
1,max,double-gaussian,0.007101342729900194,0.01632621358422672
1,max,double-gaussian,0.0059294434993163395,0.016342850292430204
1,max,double-gaussian,0.005074843764305115,0.014694691580884597
1,max,double-gaussian,0.004420672421870025,0.019071067080778235
1,max,double-gaussian,0.005165137350559235,0.010939456960734199
1,max,double-gaussian,0.005183191403098728,0.013935289838734795
1,max,double-gaussian,0.0042709792437760725,0.011290550231933594
1,max,double-gaussian,0.004939703837684963,0.020298161927391502
1,max,double-gaussian,0.004994829711706742,0.01648913060917574
1,max,double-gaussian,0.0054316086613613625,0.011829853934400222
1,max,double-gaussian,0.0043554267157679015,0.011462222127353443
1,max,double-gaussian,0.0035706074989360313,0.010932406958411722
2,max,double-gaussian,17.281378704568613,270.9734317555147
2,max,double-gaussian,58.80333941915761,24.52830774643842
2,max,double-gaussian,8.138216101604959,1.663849437938017
2,max,double-gaussian,2.5811284935992695,11.760907341452207
2,max,double-gaussian,3.6494339652683423,2.499078638413373
2,max,double-gaussian,0.5416210837986158,3.9995337093577668
2,max,double-gaussian,2.2419745403787363,4.473604987649357
2,max,double-gaussian,1.0690231323242188,0.6130649342256433
2,max,double-gaussian,0.4492447065270465,3.115741056554458
2,max,double-gaussian,0.9525289120881454,1.5344513163847082
2,max,double-gaussian,0.45003335372261377,0.36890259911032286
2,max,double-gaussian,0.21092551687489386,0.7670663945815143
2,max,double-gaussian,0.2874118141506029,0.30924154730404124
2,max,double-gaussian,0.10163530059482741,0.30376658720128674
2,max,double-gaussian,0.11251895324043605,0.27526255214915557
2,max,double-gaussian,0.08525595457657524,0.1412471041959875
2,max,double-gaussian,0.48598115340523096,4.952545166015625
2,max,double-gaussian,1.1521591518236243,2.0410672356100643
2,max,double-gaussian,1.0334906370743462,1.3103215834673714
2,max,double-gaussian,0.23705356017402981,3.841196396771599
2,max,double-gaussian,1.9922783893087637,5.923465504365809
2,max,double-gaussian,1.207576088283373,0.09485069443197812
2,max,double-gaussian,0.11652258168096127,0.16692397173713236
2,max,double-gaussian,0.06722517635511316,0.1693865832160501
2,max,double-gaussian,0.040971838909646736,0.19367421374601476
2,max,double-gaussian,0.0899458760800569,0.2899338778327493
2,max,double-gaussian,0.08935956332994544,0.0832912992028629
2,max,double-gaussian,0.03489573105521824,0.08455608872806325
2,max,double-gaussian,0.03681618234385615,0.08146374365862678
2,max,double-gaussian,0.034906190374623176,0.14255281055674834
2,max,double-gaussian,0.04257555111594822,0.04529848870109109
2,max,double-gaussian,0.054043795751488724,0.3959391537834616
2,max,double-gaussian,0.1154940128326416,0.04802508564556346
2,max,double-gaussian,0.03262187087017557,0.12065895865945254
2,max,double-gaussian,0.029605673707049827,0.08730616289026596
2,max,double-gaussian,0.039722053901008934,0.14003327313591452
2,max,double-gaussian,0.047459166982899544,0.06993658402386833
2,max,double-gaussian,0.02574016218600066,0.047798405675327074
2,max,double-gaussian,0.052957073501918625,0.31502238441916075
2,max,double-gaussian,0.05400461735932723,0.07574917989618637
2,max,double-gaussian,0.03117361535196719,0.07002195891212015
2,max,double-gaussian,0.025022975776506508,0.06665472423329073
2,max,double-gaussian,0.06519904862279477,0.2713470178491929
2,max,double-gaussian,0.08031976222991943,0.04995345368104823
2,max,double-gaussian,0.04692086966141411,0.10143148197847254
2,max,double-gaussian,0.03161748595859693,0.06439617802115048
2,max,double-gaussian,0.02508547772531924,0.09952727486105527
2,max,double-gaussian,0.02331965384276017,0.0811006041134105
2,max,double-gaussian,0.03162560255631157,0.06888403612024643
2,max,double-gaussian,0.022455412408579952,0.051379319499520695
0,max,uniform-small,0.11433058199675186,0.20513237223905675
0,max,uniform-small,0.07919975985651431,0.11606989187352798
0,max,uniform-small,0.04226009742073391,0.0880746280445772
0,max,uniform-small,0.03171308144279148,0.05173920883851893
0,max,uniform-small,0.02187154604041058,0.05847904261420755
0,max,uniform-small,0.02390426138172979,0.06521943737478818
0,max,uniform-small,0.019233519616334335,0.06603735334732953
0,max,uniform-small,0.02433720360631528,0.050539528622346765
0,max,uniform-small,0.017406761646270752,0.03885562279645134
0,max,uniform-small,0.013270173383795696,0.04126971258836634
0,max,uniform-small,0.014240336159001226,0.02854685573016896
0,max,uniform-small,0.010842357640681059,0.026416347307317397
0,max,uniform-small,0.00896855152171591,0.021248224903555477
0,max,uniform-small,0.008200440717780071,0.020358453778659597
0,max,uniform-small,0.007610587970070217,0.020292813287061805
0,max,uniform-small,0.00834143226561339,0.020045164753408992
0,max,uniform-small,0.010469540305759596,0.04437790898715749
0,max,uniform-small,0.015847833260245945,0.02300426539252786
0,max,uniform-small,0.010300912934800854,0.020696839865516212
0,max,uniform-small,0.009125244358311529,0.043773286482867074
0,max,uniform-small,0.011583395626233972,0.02295529141145594
0,max,uniform-small,0.010185876618260923,0.023738072198979995
0,max,uniform-small,0.009058756024941154,0.021887335707159603
0,max,uniform-small,0.006730564262555993,0.017211591496187097
0,max,uniform-small,0.0067647507657175475,0.017015243277830237
0,max,uniform-small,0.007815419331840847,0.03253321437274709
0,max,uniform-small,0.007769015172253485,0.02933435755617478
0,max,uniform-small,0.011010610538980236,0.02302989363670349
0,max,uniform-small,0.009268251450165459,0.03390454544740565
0,max,uniform-small,0.009680253008137579,0.020565716659321505
0,max,uniform-small,0.0070026678883511086,0.017779949833365047
0,max,uniform-small,0.005857291428939156,0.013668519609114704
0,max,uniform-small,0.006520113219385562,0.013877087656189413
0,max,uniform-small,0.005640855301981387,0.01157902882379644
0,max,uniform-small,0.004593630199847014,0.018885395106147316
0,max,uniform-small,0.00819782977518828,0.015538029810961555
0,max,uniform-small,0.004963221757308296,0.015018691034878002
0,max,uniform-small,0.005041965971822324,0.016595726504045373
0,max,uniform-small,0.0056257222009741745,0.010103835779077867
0,max,uniform-small,0.0037314017181811127,0.014958697206833783
0,max,uniform-small,0.004319387609544007,0.01190075628897723
0,max,uniform-small,0.005787849426269531,0.010751360479523154
0,max,uniform-small,0.0035924866147663283,0.010780160917955287
0,max,uniform-small,0.004182102887526802,0.013484456083353828
0,max,uniform-small,0.004902126996413521,0.01176446325638715
0,max,uniform-small,0.003900549010090206,0.013854815679437974
0,max,uniform-small,0.0038242793601492176,0.007898094899514142
0,max,uniform-small,0.0034841736373694048,0.009527938330874723
0,max,uniform-small,0.003574375225150067,0.010645954047932345
0,max,uniform-small,0.003310259917508001,0.007755201529054081
1,max,uniform-small,10.31964642068614,23.473406623391543
1,max,uniform-small,5.48863352899966,0.5687752891989315
1,max,uniform-small,0.7394926651664402,3.0833497888901653
1,max,uniform-small,0.5885132084722104,0.9771589391371783
1,max,uniform-small,0.458360423212466,0.8167028988108915
1,max,uniform-small,0.17266942107159158,0.15585125193876379
1,max,uniform-small,0.1956737352454144,1.784160950604607
1,max,uniform-small,0.6536737524944803,0.4296274185180664
1,max,uniform-small,0.10336809572966202,0.14183825605055866
1,max,uniform-small,0.061619437259176506,0.1276256056392894
1,max,uniform-small,0.03682269479917443,0.08085458418902229
1,max,uniform-small,0.032980431681093964,0.057271161500145405
1,max,uniform-small,0.02230668067932129,0.08546230372260599
1,max,uniform-small,0.03177957949431046,0.037667583016788256
1,max,uniform-small,0.016056242196456245,0.052973031997680664
1,max,uniform-small,0.016752502192621647,0.028898121679530424
1,max,uniform-small,0.011768412330876226,0.04238617069580976
1,max,uniform-small,0.011006754377613897,0.051471429712632126
1,max,uniform-small,0.01631081233853879,0.0341378695824567
1,max,uniform-small,0.010968695516171663,0.027470097822301528
1,max,uniform-small,0.010705882440442625,0.019899147398331585
1,max,uniform-small,0.007980749011039734,0.0209123316933127
1,max,uniform-small,0.010678592583407526,0.04545252463396858
1,max,uniform-small,0.01325827577839727,0.023373347871443805
1,max,uniform-small,0.010165087554765783,0.02378373987534467
1,max,uniform-small,0.008604120949040289,0.021751366993960214
1,max,uniform-small,0.00795602798461914,0.022608592229730943
1,max,uniform-small,0.011941553457923557,0.026009612223681283
1,max,uniform-small,0.009518866305765898,0.024741919601664823
1,max,uniform-small,0.00812025433001311,0.023528986117419076
1,max,uniform-small,0.0077201231666233225,0.01738479733467102
1,max,uniform-small,0.0073317373576371565,0.018682849757811603
1,max,uniform-small,0.006169556923534559,0.022677193669711843
1,max,uniform-small,0.006457350824190223,0.02675405319999246
1,max,uniform-small,0.010350699010102646,0.023000727681552664
1,max,uniform-small,0.007578586754591569,0.01616784228998072
1,max,uniform-small,0.007773181666498599,0.0192109977497774
1,max,uniform-small,0.00748954000680343,0.02490995911990895
1,max,uniform-small,0.0071065425872802734,0.018231895040063298
1,max,uniform-small,0.007229999355647875,0.022032518597210154
1,max,uniform-small,0.007178344804307689,0.014068917316548964
1,max,uniform-small,0.00555167379586593,0.017182921662050134
1,max,uniform-small,0.004980651580769083,0.013234906336840461
1,max,uniform-small,0.006082117557525635,0.012717277688138625
1,max,uniform-small,0.005188169038814047,0.03116842929054709
1,max,uniform-small,0.01135540397270866,0.019840177367715275
1,max,uniform-small,0.007955041916474052,0.016968050423790428
1,max,uniform-small,0.005691323591315228,0.01282306103145375
1,max,uniform-small,0.0053841970537019815,0.0176217678715201
1,max,uniform-small,0.004915973090607187,0.01529025856186362
2,max,uniform-small,0.11607481085735818,0.234221290139591
2,max,uniform-small,0.07480005077693773,0.16576800626866958
2,max,uniform-small,0.06006929667099663,0.11723101139068604
2,max,uniform-small,0.03175959379776665,0.04733463946510764
2,max,uniform-small,0.01891004132187885,0.03881154340856215
2,max,uniform-small,0.018626811711684517,0.07258018325356876
2,max,uniform-small,0.0206274908521901,0.031174305607290828
2,max,uniform-small,0.011835404064344324,0.030607034178341135
2,max,uniform-small,0.0109613589618517,0.024474296499701106
2,max,uniform-small,0.00846384919208029,0.022503702079548556
2,max,uniform-small,0.007516114608101223,0.020315271966597614
2,max,uniform-small,0.008175072462662407,0.020436609492582435
2,max,uniform-small,0.008048455352368563,0.02278227315229528
2,max,uniform-small,0.0073366851910300875,0.020336098530713248
2,max,uniform-small,0.008501650198646214,0.019189042203566608
2,max,uniform-small,0.007040293320365574,0.02286891551578746
2,max,uniform-small,0.007571511942407359,0.019231184440500596
2,max,uniform-small,0.008165146993554157,0.026857609257978553
2,max,uniform-small,0.009292594764543615,0.02625723446116728
2,max,uniform-small,0.01098641882772031,0.022060860605800852
2,max,uniform-small,0.008039617668027464,0.0188103107845082
2,max,uniform-small,0.007195678742035576,0.01651041998582728
2,max,uniform-small,0.005675380644590959,0.017134030075634226
2,max,uniform-small,0.0062895391298377,0.01523069423787734
2,max,uniform-small,0.00561825736709263,0.012741928591447719
2,max,uniform-small,0.005021095599817193,0.014898457947899313
2,max,uniform-small,0.004798368591329326,0.010793840183931239
2,max,uniform-small,0.0039058706682661305,0.008629348348168767
2,max,uniform-small,0.0036986298535181127,0.009337351602666518
2,max,uniform-small,0.0037210603123125825,0.00794179825221791
2,max,uniform-small,0.003322689105635104,0.010050649152082555
2,max,uniform-small,0.003400410970915919,0.009064068689065822
2,max,uniform-small,0.0032977494208709054,0.008723260725245756
2,max,uniform-small,0.003422169257765231,0.01211818614426781
2,max,uniform-small,0.00378882787797762,0.014518440646283767
2,max,uniform-small,0.005542727268260458,0.015771062935099882
2,max,uniform-small,0.0041829548452211466,0.009924587957999286
2,max,uniform-small,0.003741746363432511,0.012646674233324388
2,max,uniform-small,0.003825181528278019,0.010554131339578068
2,max,uniform-small,0.0046966241105743075,0.009258325485622181
2,max,uniform-small,0.0029141533633937006,0.013055566479178035
2,max,uniform-small,0.003127199800118156,0.007940416826921351
2,max,uniform-small,0.0034997161963711615,0.012706824085291694
2,max,uniform-small,0.00379583433918331,0.010273966719122493
2,max,uniform-small,0.003099548427954964,0.010830283164978027
2,max,uniform-small,0.003636287606280783,0.008991587687941158
2,max,uniform-small,0.0032853743304377017,0.00846823786987978
2,max,uniform-small,0.002724637155947478,0.008397953475222868
2,max,uniform-small,0.0028375853662905488,0.008298558347365436
2,max,uniform-small,0.0029033960207648897,0.010220555698170382
0,max,gaussian element,0.10487065107926079,0.2715604726006003
0,max,gaussian element,0.0962685605754023,0.22991382374482996
0,max,gaussian element,0.08256278349005658,0.21045867134543025
0,max,gaussian element,0.07613074261209239,0.18329132304472082
0,max,gaussian element,0.06489367588706639,0.1614228977876551
0,max,gaussian element,0.0594505849091903,0.15062493436476765
0,max,gaussian element,0.05291091877481212,0.1249231450697955
0,max,gaussian element,0.04560027951779573,0.11663600977729349
0,max,gaussian element,0.040720299534175705,0.1000377150142894
0,max,gaussian element,0.036077597866887634,0.09026978296392105
0,max,gaussian element,0.03262721714766129,0.08020983022802017
0,max,gaussian element,0.02850650186124055,0.06940014923320097
0,max,gaussian element,0.024880663208339527,0.06082433812758502
0,max,gaussian element,0.02182290865027386,0.05375778675079346
0,max,gaussian element,0.01931602799374124,0.048733760328853834
0,max,gaussian element,0.017582049836283146,0.045966667287489944
0,max,gaussian element,0.016402722700782444,0.0437617582433364
0,max,gaussian element,0.015679157298544178,0.04153155579286463
0,max,gaussian element,0.014790343201678732,0.03849470615386963
0,max,gaussian element,0.014102518558502197,0.03616455723257626
0,max,gaussian element,0.012906857158826746,0.03285810526679544
0,max,gaussian element,0.011833460434623386,0.03222975310157327
0,max,gaussian element,0.011299713798191236,0.029168367385864258
0,max,gaussian element,0.01051520394242328,0.027883524403852576
0,max,gaussian element,0.009836511767428854,0.025578291977153104
0,max,gaussian element,0.009174266587132994,0.02323473376386306
0,max,gaussian element,0.008377228742060453,0.021678205798653996
0,max,gaussian element,0.007730879213498986,0.020440941347795373
0,max,gaussian element,0.007545221758925397,0.019211064366733328
0,max,gaussian element,0.007004235101782758,0.01963711836758782
0,max,gaussian element,0.006829677716545437,0.018835001132067514
0,max,gaussian element,0.006435838730438896,0.01736184604027692
0,max,gaussian element,0.0066210646992144375,0.017133516423842487
0,max,gaussian element,0.0066791422989057455,0.017420191975200876
0,max,gaussian element,0.006693668987440026,0.017833096139571247
0,max,gaussian element,0.006317870124526646,0.01718711677719565
0,max,gaussian element,0.006267445242923239,0.017254221088746014
0,max,gaussian element,0.006372742678808129,0.017713448580573585
0,max,gaussian element,0.006363191034482873,0.018155995537252986
0,max,gaussian element,0.006314874991126682,0.01769574249491972
0,max,gaussian element,0.006386816501617432,0.016382622368195477
0,max,gaussian element,0.005917772650718689,0.01736004913554472
0,max,gaussian element,0.006057577288669088,0.017826650072546565
0,max,gaussian element,0.006393290084341298,0.017227099222295424
0,max,gaussian element,0.005844306686650152,0.015673188602223116
0,max,gaussian element,0.0057987324569536295,0.01799090820200303
0,max,gaussian element,0.006046508317408355,0.018560723346822402
0,max,gaussian element,0.005926321382107942,0.01933568365433637
0,max,gaussian element,0.006833981560624164,0.01521448528065401
0,max,gaussian element,0.005940022028010824,0.01617302614099839
1,max,gaussian element,0.1050495375757632,0.27454308902516084
1,max,gaussian element,0.09811840886655061,0.23384498147403493
1,max,gaussian element,0.0836774266284445,0.21066857786739573
1,max,gaussian element,0.0772114318350087,0.2024822936338537
1,max,gaussian element,0.07264574196027673,0.17621799076304717
1,max,gaussian element,0.06364949889805006,0.16555376613841338
1,max,gaussian element,0.06096993321957796,0.1603228625129251
1,max,gaussian element,0.05793993369392727,0.1508335786707261
1,max,gaussian element,0.055322305015895676,0.1450971435098087
1,max,gaussian element,0.05303084850311279,0.13748748162213495
1,max,gaussian element,0.05005293307097062,0.12944300034466913
1,max,gaussian element,0.0469655472299327,0.12049144857070025
1,max,gaussian element,0.043825693752454674,0.11160662594963522
1,max,gaussian element,0.04042161806769993,0.10226365397958194
1,max,gaussian element,0.036963094835696014,0.09378445849699132
1,max,gaussian element,0.03402481130931689,0.08625024907729205
1,max,gaussian element,0.03139510102893995,0.08315791102016673
1,max,gaussian element,0.0302899868591972,0.08108669168808881
1,max,gaussian element,0.029859638732412586,0.07975589527803309
1,max,gaussian element,0.02948034327963124,0.07829482415143181
1,max,gaussian element,0.02872318288554316,0.0748903611127068
1,max,gaussian element,0.027294304059899372,0.07239324906293083
1,max,gaussian element,0.0259976749834807,0.0678393560297349
1,max,gaussian element,0.024603504201640255,0.06487147948321174
1,max,gaussian element,0.023603257925614067,0.06188084097469554
1,max,gaussian element,0.022644667521766994,0.05753721209133372
1,max,gaussian element,0.020863255728846012,0.054193707073436063
1,max,gaussian element,0.01945147825324017,0.04937660343506757
1,max,gaussian element,0.01760768112928971,0.04495501868865069
1,max,gaussian element,0.016205717688021454,0.03985555732951445
1,max,gaussian element,0.014326266620470129,0.03624793010599473
1,max,gaussian element,0.012645861376886782,0.03066384091096766
1,max,gaussian element,0.011065795369770216,0.0274466591722825
1,max,gaussian element,0.009692818574283434,0.02383198106990141
1,max,gaussian element,0.008512839027073072,0.021423911347108728
1,max,gaussian element,0.007650999271351358,0.018544530167299157
1,max,gaussian element,0.007109716534614563,0.01743237060659072
1,max,gaussian element,0.006567980932152789,0.017327492727952844
1,max,gaussian element,0.006226715186367865,0.01798799809287576
1,max,gaussian element,0.006529546302297841,0.018780901151544908
1,max,gaussian element,0.006683661885883497,0.018131699632195866
1,max,gaussian element,0.006789240500201349,0.01757969575769761
1,max,gaussian element,0.006445627497590106,0.017091403989230886
1,max,gaussian element,0.006355003818221714,0.017383266897762522
1,max,gaussian element,0.006187906731729922,0.016762221560758704
1,max,gaussian element,0.006276659343553626,0.016351457904366887
1,max,gaussian element,0.005987285271934841,0.017164149705101463
1,max,gaussian element,0.005782884100209112,0.016725052805507883
1,max,gaussian element,0.005769327930782152,0.016669569646610934
1,max,gaussian element,0.0058264304762301235,0.016674185500425452
2,max,gaussian element,0.10481120192486307,0.2680639379164752
2,max,gaussian element,0.09402598505434782,0.21835983500761144
2,max,gaussian element,0.07816150914067807,0.1995837828692268
2,max,gaussian element,0.07243728637695312,0.17574705797083237
2,max,gaussian element,0.06225464136704155,0.15589254042681525
2,max,gaussian element,0.05706315455229386,0.1429009858299704
2,max,gaussian element,0.05062547455663267,0.12595294503604665
2,max,gaussian element,0.04605153850887133,0.11615349965936997
2,max,gaussian element,0.04155752451523491,0.10389620416304644
2,max,gaussian element,0.037235109702400536,0.09162375506232767
2,max,gaussian element,0.032504273497540016,0.07715873858507942
2,max,gaussian element,0.027977728325387707,0.06742424123427447
2,max,gaussian element,0.023817033871360447,0.05789773253833547
2,max,gaussian element,0.020563364028930664,0.050445935305427105
2,max,gaussian element,0.017949936182602592,0.04528392062467687
2,max,gaussian element,0.01627415418624878,0.041848428109112906
2,max,gaussian element,0.015319549519082775,0.03907351283466115
2,max,gaussian element,0.014305583808733069,0.035505119492025936
2,max,gaussian element,0.012651541958684507,0.030403330045587876
2,max,gaussian element,0.010818135479222174,0.027273539234610164
2,max,gaussian element,0.009871665550314861,0.02390068769454956
2,max,gaussian element,0.008907016204751057,0.022401827223160687
2,max,gaussian element,0.00795924274817757,0.019579982056337243
2,max,gaussian element,0.007217902204264765,0.018469649202683392
2,max,gaussian element,0.006541858548703401,0.017665023312849158
2,max,gaussian element,0.006348473222359367,0.018009629319695866
2,max,gaussian element,0.006290997500004975,0.0171623335165136
2,max,gaussian element,0.006167058063590009,0.017759132034638348
2,max,gaussian element,0.006385964543923088,0.01740831837934606
2,max,gaussian element,0.0067675333956013555,0.019032544949475455
2,max,gaussian element,0.006490157998126486,0.01784688584944781
2,max,gaussian element,0.006320038567418637,0.017606083084555232
2,max,gaussian element,0.006153398881787839,0.01581038096371819
2,max,gaussian element,0.006033682304879893,0.01812928213792689
2,max,gaussian element,0.0058461570221444836,0.016198063597959632
2,max,gaussian element,0.005711337146551713,0.016428996534908518
2,max,gaussian element,0.005765721849773241,0.014610145021887386
2,max,gaussian element,0.006001546331073927,0.015558835338143742
2,max,gaussian element,0.0060822030772333556,0.016337626120623422
2,max,gaussian element,0.005663156509399414,0.014682569924522848
2,max,gaussian element,0.005754672314809716,0.015402565984164967
2,max,gaussian element,0.005627011475355729,0.015104437575620763
2,max,gaussian element,0.005250494765198749,0.015824002378127155
2,max,gaussian element,0.005850268446880838,0.015006463317310108
2,max,gaussian element,0.005351858942405037,0.014791194130392635
2,max,gaussian element,0.005185623855694481,0.01415965662283056
2,max,gaussian element,0.005171881097814311,0.013768983237883625
2,max,gaussian element,0.005170689976733664,0.014141918981776518
2,max,gaussian element,0.004942450186480646,0.01425095516092637
2,max,gaussian element,0.004993115430292876,0.014753694043439977
0,average,uniform,1.8181182197902515,1.0104088502771713
0,average,uniform,0.3172208951867145,0.4492218634661506
0,average,uniform,0.11851518050484035,0.15401276420144475
0,average,uniform,0.04967422589011814,0.14731049537658691
0,average,uniform,0.06030306608780571,0.15546801510979147
0,average,uniform,0.049412955408510956,0.09536147117614746
0,average,uniform,0.032075008620386536,0.08871184377109304
0,average,uniform,0.026808349982551907,0.06069292741663316
0,average,uniform,0.020988155966219696,0.052278939415426814
0,average,uniform,0.036471151787301766,0.2417470707612879
0,average,uniform,0.07021376361017642,0.04471156877629897
0,average,uniform,0.023987085922904636,0.18888787662281709
0,average,uniform,0.05222617543261984,0.05299520492553711
0,average,uniform,0.019772770612136177,0.0762647039750043
0,average,uniform,0.034625563932501754,0.07645246561835795
0,average,uniform,0.02144855649574943,0.036340671427109665
0,average,uniform,0.01372161637181821,0.029544598915997672
0,average,uniform,0.01131866418797037,0.034746247179367966
0,average,uniform,0.01315928023794423,0.027776742682737464
0,average,uniform,0.011479771655538807,0.02942586295744952
0,average,uniform,0.012552266535551651,0.05859971397063311
0,average,uniform,0.015274868063304735,0.040039441164802105
0,average,uniform,0.01336034743682198,0.031995296478271484
0,average,uniform,0.012556042360222858,0.03056482006521786
0,average,uniform,0.00958399280257847,0.021678703672745648
0,average,uniform,0.008406173275864643,0.026393962257048664
0,average,uniform,0.009313765427340632,0.02569966631777146
0,average,uniform,0.010208477144655973,0.025077788268818575
0,average,uniform,0.008355030547017637,0.019986878423129812
0,average,uniform,0.00751265753870425,0.021502989179947796
0,average,uniform,0.008566874524821405,0.019663123523487765
0,average,uniform,0.00791602031044338,0.02758101505391738
0,average,uniform,0.008222211314284283,0.02238136179306928
0,average,uniform,0.008550869381946066,0.020731761175043443
0,average,uniform,0.007562676201695981,0.02066521784838508
0,average,uniform,0.007032339339670928,0.01759519296533921
0,average,uniform,0.007050374927728072,0.020448980962528902
0,average,uniform,0.007432044200275255,0.013914032017483431
0,average,uniform,0.005601567418678947,0.013480733422672047
0,average,uniform,0.006602752467860346,0.018004708430346322
0,average,uniform,0.006105254525723664,0.01423347697538488
0,average,uniform,0.0056009214857350225,0.014698373920777264
0,average,uniform,0.005241447168847789,0.011284013004863964
0,average,uniform,0.004673210823017618,0.012267392347840703
0,average,uniform,0.004229361596314803,0.009970175869324627
0,average,uniform,0.004232952128285947,0.010404539458891925
0,average,uniform,0.004158640685288802,0.01106986403465271
0,average,uniform,0.004368670932624651,0.0111648992580526
0,average,uniform,0.0043227439341337786,0.01134645675911623
0,average,uniform,0.0037458986043930054,0.007012211662881514
1,average,uniform,0.5116543147874915,1.2889918159036076
1,average,uniform,0.3041560546211574,0.22354839829837575
1,average,uniform,0.07391000830608865,0.1540208844577565
1,average,uniform,0.04943659512893013,0.09703763793496524
1,average,uniform,0.054525867752406906,0.2603938439313103
1,average,uniform,0.07788003009298573,0.1958781831404742
1,average,uniform,0.08058297115823497,0.0941930518430822
1,average,uniform,0.030869328457376232,0.11598382276647232
1,average,uniform,0.028076620205588963,0.07195568084716797
1,average,uniform,0.024968357189841892,0.04898499741273768
1,average,uniform,0.017884446227032204,0.04481901842005113
1,average,uniform,0.01490969761558201,0.034830114420722515
1,average,uniform,0.01232451459635859,0.02978932156282313
1,average,uniform,0.010055240729580755,0.03195468117209042
1,average,uniform,0.011498247799666031,0.03248276430017808
1,average,uniform,0.010921436807383661,0.024027424700119916
1,average,uniform,0.010661817115286121,0.03271147784064798
1,average,uniform,0.011358933604281881,0.04032586602603688
1,average,uniform,0.01312221003615338,0.04305383037118351
1,average,uniform,0.017744329960449882,0.04175461039823644
1,average,uniform,0.014529290406600288,0.032444217625786274
1,average,uniform,0.011054381080295729,0.02744780743823332
1,average,uniform,0.010428059360255365,0.021179430625017953
1,average,uniform,0.007872646269590958,0.02461008113973281
1,average,uniform,0.008901871416879736,0.01919090747833252
1,average,uniform,0.007390651365985041,0.019853090538698083
1,average,uniform,0.007801428437232971,0.021863421973060158
1,average,uniform,0.007824431294980257,0.01861978804363924
1,average,uniform,0.00841097468915193,0.030429748927845675
1,average,uniform,0.012697896231775698,0.019081546979791978
1,average,uniform,0.008327363625816677,0.03233885414460126
1,average,uniform,0.011163539212682972,0.02710448468432707
1,average,uniform,0.01041123011837835,0.023227607502656823
1,average,uniform,0.008454592331596043,0.023872687536127427
1,average,uniform,0.008372845857039742,0.02428232922273524
1,average,uniform,0.007662511390188466,0.017508250825545368
1,average,uniform,0.00981214772100034,0.026519456330467674
1,average,uniform,0.007398968805437503,0.01632612417725956
1,average,uniform,0.006402539170306662,0.01819631632636575
1,average,uniform,0.006095272043476934,0.015633253490223604
1,average,uniform,0.00673588980799136,0.013402747757294598
1,average,uniform,0.005426393902820089,0.01502400461365195
1,average,uniform,0.00528214904277221,0.01132247202536639
1,average,uniform,0.003857567258503126,0.016465723514556885
1,average,uniform,0.005444662726443747,0.01301129863542669
1,average,uniform,0.004405622896940812,0.012151944286683026
1,average,uniform,0.004182459543580594,0.012106984853744507
1,average,uniform,0.003772963648257048,0.01566959479275872
1,average,uniform,0.005148112449956977,0.016810567939982694
1,average,uniform,0.004480469485987787,0.01568708349676693
2,average,uniform,1.9548698093580164,1.4395873125861673
2,average,uniform,0.31370633581410284,0.6975935206693762
2,average,uniform,0.2032599863798722,0.14946774875416474
2,average,uniform,0.053375389264977494,0.2857360278858858
2,average,uniform,0.1042943000793457,0.15781688690185547
2,average,uniform,0.06259842540906824,0.22402754951925838
2,average,uniform,0.06536130801491115,0.08406191713669721
2,average,uniform,0.028355258962382442,0.0910935121424058
2,average,uniform,0.026964975439983864,0.04536417652578915
2,average,uniform,0.025564999684043552,0.09406413751489975
2,average,uniform,0.025311765463455864,0.05802050758810604
2,average,uniform,0.02298699254574983,0.04164780939326567
2,average,uniform,0.016379939473193626,0.06498425848343793
2,average,uniform,0.018052583155424698,0.0374980744193582
2,average,uniform,0.013446450233459473,0.03090846538543701
2,average,uniform,0.011865158443865568,0.04187318857978372
2,average,uniform,0.013246362623961075,0.02820532286868376
2,average,uniform,0.009154806966366976,0.03344095805112053
2,average,uniform,0.013253183468528416,0.03233404720530791
2,average,uniform,0.009171069964118626,0.024029975428300744
2,average,uniform,0.01795274019241333,0.08127855553346522
2,average,uniform,0.02351049754930579,0.03628091251148897
2,average,uniform,0.016646081986634628,0.06618199628942154
2,average,uniform,0.015883147716522217,0.027535405229119694
2,average,uniform,0.011235191770221876,0.03413278215071734
2,average,uniform,0.01110727890678074,0.021749384262982535
2,average,uniform,0.008613259895988132,0.021906987709157607
2,average,uniform,0.008276851928752401,0.02328906865680919
2,average,uniform,0.008468167937320211,0.022745642591925228
2,average,uniform,0.00870711000069328,0.019686399137272555
2,average,uniform,0.007526461844858916,0.018973010427811566
2,average,uniform,0.00738026007362034,0.021637630813262042
2,average,uniform,0.0070391064104826555,0.02106219354797812
2,average,uniform,0.0065019739710766335,0.017651082838282865
2,average,uniform,0.0065271971018418026,0.016639635843389174
2,average,uniform,0.006340534790702488,0.016249288530910715
2,average,uniform,0.006289187980734784,0.01590431437772863
2,average,uniform,0.005466564841892408,0.01711054058635936
2,average,uniform,0.006697026283844658,0.014536696321824017
2,average,uniform,0.005321925425011179,0.011152919600991643
2,average,uniform,0.005561332339825837,0.029804524253396428
2,average,uniform,0.007398145354312399,0.020210820085862103
2,average,uniform,0.006824394930963931,0.01765769544769736
2,average,uniform,0.005856640960859216,0.013748042723711799
2,average,uniform,0.004759374843991321,0.01362676830852733
2,average,uniform,0.0039003267884254456,0.011806068174979267
2,average,uniform,0.004422031990859819,0.008487901266883402
2,average,uniform,0.0033467075099115787,0.009404153508298537
2,average,uniform,0.0032877630513647327,0.008716791868209839
2,average,uniform,0.0034917570326639257,0.010323018712155959
0,average,gaussian,1.359580827795941,0.5839361302992877
0,average,gaussian,0.17608802214912747,0.2623092426973231
0,average,gaussian,0.08601724583169688,0.18135823922998764
0,average,gaussian,0.056187101032422936,0.24951794568230123
0,average,gaussian,0.09400089927341627,0.137937910416547
0,average,gaussian,0.05379994019218113,0.1591049923616297
0,average,gaussian,0.051870688148166824,0.06410573510562673
0,average,gaussian,0.028148039527561352,0.09175474503461052
0,average,gaussian,0.031181332857712456,0.06714488478267894
0,average,gaussian,0.025082800699316937,0.07230631744160372
0,average,gaussian,0.020232842020366505,0.0457162997301887
0,average,gaussian,0.01595138596451801,0.04548140133128447
0,average,gaussian,0.015266024548074474,0.09552415679482852
0,average,gaussian,0.046575800232265305,0.033065024544210994
0,average,gaussian,0.012999213260153065,0.12735748291015625
0,average,gaussian,0.03663091555885647,0.03132823635550106
0,average,gaussian,0.013062382521836655,0.04010246431126314
0,average,gaussian,0.013246950895889946,0.028713604983161476
0,average,gaussian,0.01091121072354524,0.02826239782221177
0,average,gaussian,0.009887180898500525,0.02741626956883599
0,average,gaussian,0.009000407612842062,0.029727963840260226
0,average,gaussian,0.01052989907886671,0.03953617109971888
0,average,gaussian,0.012654427600943523,0.026573924457325655
0,average,gaussian,0.009258594201958698,0.022423919509438908
0,average,gaussian,0.00863194465637207,0.028078829540925866
0,average,gaussian,0.009425253971763279,0.022355770363527185
0,average,gaussian,0.009504922058271326,0.025615579941693473
0,average,gaussian,0.008881176943364351,0.022340280168196735
0,average,gaussian,0.008155031048733255,0.02161135393030503
0,average,gaussian,0.00696273148059845,0.020497420254875633
0,average,gaussian,0.007324313987856326,0.020656866185805377
0,average,gaussian,0.007148652620937513,0.01917705115150003
0,average,gaussian,0.006578260789746823,0.01862495085772346
0,average,gaussian,0.006733385117157646,0.016060450497795555
0,average,gaussian,0.00683214871779732,0.027503481682609108
0,average,gaussian,0.008252658273862757,0.017992361503488877
0,average,gaussian,0.0064633294292118235,0.017050241722780114
0,average,gaussian,0.005462886198707249,0.026085106765522677
0,average,gaussian,0.008914298337438831,0.020085992182002348
0,average,gaussian,0.0075851704763329544,0.0188676118850708
0,average,gaussian,0.006428427022436391,0.0176278317675871
0,average,gaussian,0.006156692038411679,0.01666158437728882
0,average,gaussian,0.00841060345587523,0.03717812019235948
0,average,gaussian,0.009320121744404669,0.01903085848864387
0,average,gaussian,0.005298800766468048,0.014102567644680248
0,average,gaussian,0.007004096456195997,0.03131511632133933
0,average,gaussian,0.007462365471798441,0.012510022696326761
0,average,gaussian,0.005326836653377699,0.01741475217482623
0,average,gaussian,0.005728284949841706,0.011782528722987455
0,average,gaussian,0.004374312965766243,0.01185749821803149
1,average,gaussian,7.494036467179008,4.843597412109375
1,average,gaussian,0.9331908847974695,0.22036459866692037
1,average,gaussian,0.08531917696413786,0.1722710413091323
1,average,gaussian,0.05542892995087997,0.12365941440357882
1,average,gaussian,0.03658729014189347,0.08181487812715418
1,average,gaussian,0.02576374748478765,0.07828997163211598
1,average,gaussian,0.02459052334661069,0.10405128142412971
1,average,gaussian,0.025009124175361965,0.383394577923943
1,average,gaussian,0.4276697739310887,0.2659413674298455
1,average,gaussian,0.025477870650913403,0.08209588948418112
1,average,gaussian,0.04300362908321878,0.1345351443571203
1,average,gaussian,0.0331774379896081,0.04670436242047478
1,average,gaussian,0.02220423584399016,0.080978323431576
1,average,gaussian,0.023605217104372772,0.03979982348049388
1,average,gaussian,0.013990713202435038,0.049166027237387264
1,average,gaussian,0.01511854710786239,0.0377876968944774
1,average,gaussian,0.0137613234312638,0.025388868416056913
1,average,gaussian,0.010924956072931704,0.06233210423413445
1,average,gaussian,0.028235847535340683,0.03697154451819027
1,average,gaussian,0.012010758337767227,0.04818187040441176
1,average,gaussian,0.020691117514734684,0.029957448734956628
1,average,gaussian,0.01278730060743249,0.029998099102693444
1,average,gaussian,0.01289528867472773,0.07661611893597771
1,average,gaussian,0.01792772438215173,0.030049622058868408
1,average,gaussian,0.01182956540066263,0.027634540024925682
1,average,gaussian,0.009712556134099546,0.03373775412054623
1,average,gaussian,0.012700432020684948,0.02862464329775642
1,average,gaussian,0.01221369919569596,0.025337168399025414
1,average,gaussian,0.01017171403636103,0.025690758929533118
1,average,gaussian,0.010664168907248455,0.02384553586735445
1,average,gaussian,0.009081904007040936,0.02621537972899044
1,average,gaussian,0.008304835661597874,0.021427413996528175
1,average,gaussian,0.00733617919942607,0.018270727466134465
1,average,gaussian,0.007368814686070318,0.020520560881670785
1,average,gaussian,0.006675725397856339,0.02678092087016386
1,average,gaussian,0.007556005016617153,0.019460583434385413
1,average,gaussian,0.006567113425420678,0.020049084635341868
1,average,gaussian,0.009429855839065884,0.014557647354462567
1,average,gaussian,0.005699596975160682,0.025354863966212553
1,average,gaussian,0.008022213759629623,0.014701365548021653
1,average,gaussian,0.0051000513460325156,0.01579612318207236
1,average,gaussian,0.006195674771847932,0.013726938296766841
1,average,gaussian,0.005284682240175164,0.021052357028512395
1,average,gaussian,0.008132642377977785,0.017747146241805133
1,average,gaussian,0.006213438251744146,0.01641081361209645
1,average,gaussian,0.005986677563708761,0.023603712811189538
1,average,gaussian,0.009179045972616776,0.01587574797518113
1,average,gaussian,0.005892945372540018,0.01722669952055987
1,average,gaussian,0.00555523711702098,0.0113505317884333
1,average,gaussian,0.003921828516151594,0.01569595407037174
2,average,gaussian,0.1894326002701469,0.23479585086598115
2,average,gaussian,0.07992763622947362,0.15914423325482538
2,average,gaussian,0.05420144744541334,0.09825811666600845
2,average,gaussian,0.029494666534921398,0.0576209215556874
2,average,gaussian,0.01989089794780897,0.0424961763269761
2,average,gaussian,0.014540668414986652,0.03503720900591682
2,average,gaussian,0.012710878382558409,0.03450673117357142
2,average,gaussian,0.011437364246534265,0.029251114410512587
2,average,gaussian,0.009629442639972853,0.025683813235338998
2,average,gaussian,0.008480887050214022,0.023037612438201904
2,average,gaussian,0.008446743306906326,0.022036063320496502
2,average,gaussian,0.008374843908392864,0.02241408474305097
2,average,gaussian,0.008591725774433302,0.022455969277550194
2,average,gaussian,0.008501085250273994,0.020559374023886287
2,average,gaussian,0.009088527249253315,0.02500988104764153
2,average,gaussian,0.008725197418876316,0.023506765856462365
2,average,gaussian,0.008343096660531086,0.03236188608057359
2,average,gaussian,0.01026542225609655,0.020104141796336454
2,average,gaussian,0.007814115804174671,0.023750526063582477
2,average,gaussian,0.007991904149884764,0.024226514732136446
2,average,gaussian,0.008381676414738531,0.030474820557762596
2,average,gaussian,0.011760850315508635,0.019467800855636597
2,average,gaussian,0.0076073084188544235,0.021320279906777775
2,average,gaussian,0.008725411218145619,0.02087090997134938
2,average,gaussian,0.007538391196209452,0.018721140482846427
2,average,gaussian,0.0072731570057247,0.019611949429792518
2,average,gaussian,0.0069334059953689575,0.018164620679967543
2,average,gaussian,0.006470700968866763,0.017671599107630113
2,average,gaussian,0.00580356820769932,0.01564279549262103
2,average,gaussian,0.005179735629454903,0.01471632719039917
2,average,gaussian,0.005176796861316847,0.013269689153222478
2,average,gaussian,0.005026446736377218,0.012291484895874472
2,average,gaussian,0.0040894604247549305,0.011740879100911757
2,average,gaussian,0.0038987728564635568,0.010086294482736027
2,average,gaussian,0.004577163768851239,0.017821788787841797
2,average,gaussian,0.0037789513235506806,0.012751690605107476
2,average,gaussian,0.004519579851109049,0.011364454732221715
2,average,gaussian,0.004157904049624567,0.013812101062606363
2,average,gaussian,0.0038577509315117545,0.011220870649113375
2,average,gaussian,0.003710965747418611,0.012413382530212402
2,average,gaussian,0.003996496939140818,0.013501103310024036
2,average,gaussian,0.003784683735474296,0.009654173079658957
2,average,gaussian,0.003701147825821586,0.012057198321118075
2,average,gaussian,0.003960101500801418,0.010502920431249282
2,average,gaussian,0.0029905629546745963,0.007779841913896448
2,average,gaussian,0.00334059609019238,0.00834050599266501
2,average,gaussian,0.0031609668031982755,0.008795062408727758
2,average,gaussian,0.003452593217725339,0.007512152194976807
2,average,gaussian,0.003230192739030589,0.010200167403501622
2,average,gaussian,0.0034104394523993783,0.008939509006107555
0,average,double-gaussian,24.838962720788043,23.156662884880514
0,average,double-gaussian,4.342180666716202,26.731186810661764
0,average,double-gaussian,10.013905400815217,11.55828857421875
0,average,double-gaussian,2.443326535432235,0.40154336480533376
0,average,double-gaussian,0.24937026397041653,0.8030300140380859
0,average,double-gaussian,0.19976234436035156,0.3418971790986903
0,average,double-gaussian,0.14315198815387228,0.2904938529519474
0,average,double-gaussian,0.0897785062375276,0.33522460039924173
0,average,double-gaussian,0.15892844614775284,0.45406537897446575
0,average,double-gaussian,0.10943809799526048,0.14804622706244974
0,average,double-gaussian,0.04753793840822966,0.1094373674953685
0,average,double-gaussian,0.04362061749333921,0.09473782427170697
0,average,double-gaussian,0.0314986368884211,0.1004012051750632
0,average,double-gaussian,0.027735015620356022,0.12143617517807904
0,average,double-gaussian,0.05671021731003471,0.13411398494944854
0,average,double-gaussian,0.03358391575191332,0.07114560463849236
0,average,double-gaussian,0.05587507330853006,0.10951757431030273
0,average,double-gaussian,0.030386836632438328,0.05639514502357034
0,average,double-gaussian,0.02090716232424197,0.057522367028629076
0,average,double-gaussian,0.016856286836707073,0.035886659341699934
0,average,double-gaussian,0.013057200805000637,0.05345853637246525
0,average,double-gaussian,0.017968929332235584,0.05424137676463408
0,average,double-gaussian,0.017787780450737995,0.043628145666683424
0,average,double-gaussian,0.01612450765526813,0.029825406916001263
0,average,double-gaussian,0.020870150431342747,0.11659153769997989
0,average,double-gaussian,0.0358920201011326,0.04409195745692534
0,average,double-gaussian,0.015377741792927618,0.030603422838098863
0,average,double-gaussian,0.009953966607218203,0.03554132054833805
0,average,double-gaussian,0.012232438377712084,0.032834312495063335
0,average,double-gaussian,0.010317816034607265,0.03766512870788574
0,average,double-gaussian,0.01372484538866126,0.04868426042444566
0,average,double-gaussian,0.015328751957934835,0.028292031849131864
0,average,double-gaussian,0.01481076427128004,0.05320275531095617
0,average,double-gaussian,0.013654408247574516,0.025956865619210637
0,average,double-gaussian,0.01158088963964711,0.0343252139932969
0,average,double-gaussian,0.012084839136704155,0.023263657794279212
0,average,double-gaussian,0.00835593044757843,0.029456426115596995
0,average,double-gaussian,0.01067059260347615,0.027066094033858356
0,average,double-gaussian,0.008982499008593351,0.02284387279959286
0,average,double-gaussian,0.008119590904401697,0.037404845742618334
0,average,double-gaussian,0.013568266578342604,0.032901308115790874
0,average,double-gaussian,0.011782980483511219,0.02286929067443399
0,average,double-gaussian,0.007289984303971995,0.031372329768012554
0,average,double-gaussian,0.011405394129131151,0.022072720177033368
0,average,double-gaussian,0.009228624727415003,0.02244616606656243
0,average,double-gaussian,0.008884496015051136,0.030546840499429143
0,average,double-gaussian,0.009402858822242073,0.02209000026478487
0,average,double-gaussian,0.008741840072300123,0.03050827278810389
0,average,double-gaussian,0.010946434477101202,0.021781334105659935
0,average,double-gaussian,0.008579875464024752,0.04761287044076359
1,average,double-gaussian,63827.86956521739,10111.733455882353
1,average,double-gaussian,9526.16847826087,25811.375
1,average,double-gaussian,5495.134510869565,1345.6030560661766
1,average,double-gaussian,678.6486497961956,662.3236443014706
1,average,double-gaussian,236.87232506793478,807.7244944852941
1,average,double-gaussian,223.4207710597826,750.0272863051471
1,average,double-gaussian,333.28963569972825,358.6949103860294
1,average,double-gaussian,73.79305366847827,2137.303768382353
1,average,double-gaussian,1336.0146059782608,3025.6950827205883
1,average,double-gaussian,671.8960597826087,28.066716811236212
1,average,double-gaussian,149.74674125339675,2032.286075367647
1,average,double-gaussian,632.7531419836956,554.3591452205883
1,average,double-gaussian,95.6127398947011,672.3774126838235
1,average,double-gaussian,421.0154976222826,1384.702205882353
1,average,double-gaussian,403.2330163043478,90.42654239430146
1,average,double-gaussian,22.050657852836277,147.8151424632353
1,average,double-gaussian,50.01217518682065,26.931597541360293
1,average,double-gaussian,7.29156494140625,44.426032571231616
1,average,double-gaussian,8.958788001019022,11.966666726505055
1,average,double-gaussian,4.614376565684443,5.728116652544807
1,average,double-gaussian,7.732480256453805,59.692009420955884
1,average,double-gaussian,15.363920792289402,0.9637347950654871
1,average,double-gaussian,1.0493081134298574,1.1758662953096277
1,average,double-gaussian,0.31956114976302435,19.513908835018384
1,average,double-gaussian,6.565672501273777,5.010647044462316
1,average,double-gaussian,4.533810159434443,27.8417573816636
1,average,double-gaussian,5.694635805876358,1.9025394215303308
1,average,double-gaussian,0.3937907011612602,0.6018563438864315
1,average,double-gaussian,0.21392714458963144,8.163389318129596
1,average,double-gaussian,0.7236445883046025,14.639521879308363
1,average,double-gaussian,5.535744708517323,2.9645392474006202
1,average,double-gaussian,0.8845533288043478,1.940497454474954
1,average,double-gaussian,0.7219275598940642,7.2693476957433365
1,average,double-gaussian,3.975572668987772,4.510979147518382
1,average,double-gaussian,0.6942685998004415,1.6815531113568474
1,average,double-gaussian,0.4200610285219939,1.7719253091251148
1,average,double-gaussian,1.449980528458305,0.3855444964240579
1,average,double-gaussian,1.7647698443868887,7.542506498448989
1,average,double-gaussian,1.5406404578167459,0.6899060642018038
1,average,double-gaussian,0.19788211324940558,5.413058112649357
1,average,double-gaussian,2.4223918085512905,7.159628475413603
1,average,double-gaussian,1.550772127897843,0.6148190217859605
1,average,double-gaussian,0.165426316468612,0.35072868010577035
1,average,double-gaussian,0.301546573638916,1.5058895559871899
1,average,double-gaussian,0.2772835441257643,0.24563926808974323
1,average,double-gaussian,0.1155207053474758,0.2909863135393928
1,average,double-gaussian,0.2726732129636018,0.2208869597491096
1,average,double-gaussian,0.6101488030475118,4.115684958065257
1,average,double-gaussian,0.5544193101965863,1.2082794413847082
1,average,double-gaussian,0.3112923580667247,0.2622073397916906
2,average,double-gaussian,2.648243282152259,1.9430317598230697
2,average,double-gaussian,0.4301775642063307,2.5099301057703354
2,average,double-gaussian,0.6848377144855001,0.4954844082103056
2,average,double-gaussian,0.1653033961420474,0.23138228584738338
2,average,double-gaussian,0.09903207032576851,0.2831753281986012
2,average,double-gaussian,0.07465592674587083,0.1638181349810432
2,average,double-gaussian,0.05665435998336128,0.09284417769488167
2,average,double-gaussian,0.05295965982520062,0.2773392060223748
2,average,double-gaussian,0.07753852139348569,0.17497599826139562
2,average,double-gaussian,0.06958896699159042,0.14146668770734003
2,average,double-gaussian,0.04896236502605936,0.0924520212061265
2,average,double-gaussian,0.027472545271334442,0.0501474001828362
2,average,double-gaussian,0.020010700692301212,0.04118643788730397
2,average,double-gaussian,0.030833899974822998,0.14896465750301585
2,average,double-gaussian,0.04938789035962975,0.06784857020658605
2,average,double-gaussian,0.02448750578838846,0.062370833228616154
2,average,double-gaussian,0.020132782666579536,0.0541690097135656
2,average,double-gaussian,0.01663363886916119,0.034764612422269935
2,average,double-gaussian,0.011950982653576395,0.027837923344443825
2,average,double-gaussian,0.011169020248496014,0.05198476244421566
2,average,double-gaussian,0.02002734723298446,0.031226144117467543
2,average,double-gaussian,0.012730870557867962,0.045450231608222515
2,average,double-gaussian,0.022018569967021114,0.039749587283414954
2,average,double-gaussian,0.01265543440113897,0.02818234878427842
2,average,double-gaussian,0.009719357542369677,0.033660492476295024
2,average,double-gaussian,0.01154052304184955,0.02588269465109881
2,average,double-gaussian,0.00901220026223556,0.026295100941377526
2,average,double-gaussian,0.00910216440325198,0.02210330787826987
2,average,double-gaussian,0.0074522974698439885,0.017955401364494774
2,average,double-gaussian,0.008205310158107592,0.020969534621519202
2,average,double-gaussian,0.0081458013990651,0.02175579351537368
2,average,double-gaussian,0.00747273344060649,0.017831648097318763
2,average,double-gaussian,0.00707758120868517,0.01857905528124641
2,average,double-gaussian,0.00636254186215608,0.01737430867026834
2,average,double-gaussian,0.0056361270987469216,0.013970418887979844
2,average,double-gaussian,0.005815851947535639,0.016938220052158132
2,average,double-gaussian,0.0063451735869697904,0.01918249445803025
2,average,double-gaussian,0.006645222720892533,0.019282256855684167
2,average,double-gaussian,0.007313773683879686,0.018173813819885254
2,average,double-gaussian,0.005088747843452122,0.013662902747883517
2,average,double-gaussian,0.005178555522276008,0.011706715997527628
2,average,double-gaussian,0.005724461830180624,0.014117660767891827
2,average,double-gaussian,0.004872319491013237,0.015288743902655208
2,average,double-gaussian,0.004544462846673053,0.01256829675506143
2,average,double-gaussian,0.0038408617610516753,0.011006860172047335
2,average,double-gaussian,0.003379719412845114,0.011664565871743596
2,average,double-gaussian,0.004783515373001928,0.009920002783046049
2,average,double-gaussian,0.0045781232740568075,0.014109799967092626
2,average,double-gaussian,0.004268438919730808,0.013008580488317153
2,average,double-gaussian,0.0038042249886885934,0.013098504613427556
0,average,uniform-small,0.10310581456059995,0.21692320879767923
0,average,uniform-small,0.07183328918788744,0.11858233283547794
0,average,uniform-small,0.03684292928032253,0.06160623185774859
0,average,uniform-small,0.019404354302779488,0.03507883408490349
0,average,uniform-small,0.01214734497277633,0.027650631525937247
0,average,uniform-small,0.010304458763288416,0.02500276004566866
0,average,uniform-small,0.01038564417673194,0.0307767391204834
0,average,uniform-small,0.009931526754213415,0.026700223193449134
0,average,uniform-small,0.009930266634277676,0.024103488992242253
0,average,uniform-small,0.00999730954999509,0.02702199010288014
0,average,uniform-small,0.009679706200309422,0.021445653017829445
0,average,uniform-small,0.009303222531857698,0.027503536028020522
0,average,uniform-small,0.0087198239305745,0.02591797534157248
0,average,uniform-small,0.008384822503380154,0.0191231930957121
0,average,uniform-small,0.008031488760657932,0.02097743223695194
0,average,uniform-small,0.008136128601820572,0.026479252997566673
0,average,uniform-small,0.008523627467777418,0.019077006508322322
0,average,uniform-small,0.006887338083723317,0.018454379895154166
0,average,uniform-small,0.007334287399831025,0.018832743167877197
0,average,uniform-small,0.00876952254253885,0.025992619640686932
0,average,uniform-small,0.00812398480332416,0.025273656143861657
0,average,uniform-small,0.008317082472469496,0.018199082683114445
0,average,uniform-small,0.007674289138420769,0.022567924331216252
0,average,uniform-small,0.007106949453768523,0.028656242524876314
0,average,uniform-small,0.011411502309467482,0.029135413029614615
0,average,uniform-small,0.009216385691062264,0.025784252321018893
0,average,uniform-small,0.010768793847249903,0.024892228491166058
0,average,uniform-small,0.007373452834461046,0.022905204225988948
0,average,uniform-small,0.009396090455677198,0.020962666062747732
0,average,uniform-small,0.007440267049747965,0.016315179712632123
0,average,uniform-small,0.005201008332812268,0.012867219307843377
0,average,uniform-small,0.004719422887200894,0.012973341871710384
0,average,uniform-small,0.004360510279303012,0.011997056358000812
0,average,uniform-small,0.003786316060501596,0.010665213360505946
0,average,uniform-small,0.004269767714583356,0.009635029470219332
0,average,uniform-small,0.0034902218891226726,0.009820259669247796
0,average,uniform-small,0.003195703677509142,0.008988543468363145
0,average,uniform-small,0.0027358007171879644,0.009464727605090421
0,average,uniform-small,0.002749185199322908,0.009435910512419307
0,average,uniform-small,0.0034413110950718756,0.00963650205556084
0,average,uniform-small,0.0032536996447521706,0.006770596784703872
0,average,uniform-small,0.002905986231306325,0.009543828227940728
0,average,uniform-small,0.0032545700669288635,0.008415883078294642
0,average,uniform-small,0.0025670560805693917,0.008567597936181462
0,average,uniform-small,0.0026367146359837575,0.009484496186761296
0,average,uniform-small,0.0026109071205491605,0.009926269159597509
0,average,uniform-small,0.002787781150444694,0.008868052678949693
0,average,uniform-small,0.0031545693459718123,0.00846501045367297
0,average,uniform-small,0.0026409349039844847,0.00875545249265783
0,average,uniform-small,0.0029463716175245204,0.010354385656469008
1,average,uniform-small,0.123865210491678,0.2259496099808637
1,average,uniform-small,0.07070393147675888,0.17481587914859548
1,average,uniform-small,0.06607681253682011,0.13538520476397345
1,average,uniform-small,0.04013302792673525,0.05866864148308249
1,average,uniform-small,0.022290439709373142,0.060090100063997155
1,average,uniform-small,0.018024558606355087,0.05496324160519768
1,average,uniform-small,0.022709882777670155,0.0391534496756161
1,average,uniform-small,0.013804925524670145,0.0309218588997336
1,average,uniform-small,0.011559219464011814,0.028007719446631038
1,average,uniform-small,0.009473893953406292,0.024070574956781724
1,average,uniform-small,0.008797011297682057,0.0272715407259324
1,average,uniform-small,0.00905171943747479,0.024131568039164823
1,average,uniform-small,0.007971556290336277,0.02156757256563972
1,average,uniform-small,0.007865913536237635,0.021409413393806007
